Timestamp,Team_ID,Player_ID,Event,Location_X,Location_Y,frame_id,confidence
32.63279549761424,-1,13,pass,-11.022335791756936,6.6963954053153225,1958,0.5901359443539043
32.64946188959464,-1,13,pass,-11.179117439231131,6.57759370846641,1959,0.5668688086117721
32.71612745751622,-1,13,pass,-11.31170504576939,6.442968965212442,1963,1.0
32.732793849496616,-1,13,pass,-11.92587702337961,6.046281888629371,1964,0.30750695517690796
32.74946024147701,-1,13,pass,-12.01065507954195,5.988670603748706,1965,0.3647673819116227
32.782793025437805,-1,13,pass,-12.112051844308446,5.92157272997635,1967,0.94386392027174
32.89945776930057,-1,108,pass,-12.363821594368707,5.732905571156932,1974,1.0
33.01612251316334,-1,108,pass,-13.223738019946186,5.301731880939653,1981,1.0
33.049455297124126,-1,108,pass,-13.857119272172463,5.716580787754142,1983,0.2692071489240991
33.06612168910453,-1,108,pass,-13.899837336643264,5.7954946669014324,1984,0.47464898758867785
33.08278808108492,-1,108,pass,-13.937569027498,5.949143295952742,1985,0.5630432266719232
33.23278560890848,-1,108,dribble,-14.004638622070795,6.205274238467195,1994,0.7
33.24945200088887,-1,108,pass,-14.004638622070795,6.205274238467195,1995,1.0
33.26611839286927,-1,108,pass,-14.72655889615457,6.383284853929052,1996,0.27231966076895525
33.33278396079085,-1,108,dribble,-14.870955347339525,6.414646770765111,2000,0.7
33.34945035277124,-1,108,dribble,-14.870955347339525,6.414646770765111,2001,0.7
33.36611674475164,-1,108,dribble,-14.870955347339525,6.414646770765111,2002,0.7
33.38278313673204,-1,108,pass,-14.870955347339525,6.414646770765111,2003,1.0
33.44944870465362,-1,108,dribble,-15.25594803853746,6.67107367887355,2007,0.7
33.46611509663401,-1,108,dribble,-15.25594803853746,6.67107367887355,2008,0.7
33.532780664555595,-1,108,dribble,-15.25594803853746,6.67107367887355,2012,0.7
33.71611097633995,-1,251,dribble,-16.20548279308961,6.901578465410421,2023,0.7
33.73277736832034,-1,251,dribble,-16.20548279308961,6.901578465410421,2024,0.7
33.749443760300736,-1,251,dribble,-16.20548279308961,6.901578465410421,2025,0.7
33.76611015228113,-1,251,dribble,-16.20548279308961,6.901578465410421,2026,0.7
33.78277654426153,-1,251,dribble,-16.20548279308961,6.901578465410421,2027,0.7
33.799442936241924,-1,251,dribble,-16.20548279308961,6.901578465410421,2028,0.7
33.81610932822232,-1,251,dribble,-16.20548279308961,6.901578465410421,2029,0.7
33.83277572020271,-1,251,dribble,-16.20548279308961,6.901578465410421,2030,0.7
33.849442112183105,-1,251,dribble,-16.20548279308961,6.901578465410421,2031,0.7
34.716094495163674,-1,343,dribble,-16.20548279308961,6.901578465410421,2083,0.7
34.73276088714407,-1,43,dribble,-16.20548279308961,6.901578465410421,2084,0.7
34.74942727912446,-1,43,dribble,-16.20548279308961,6.901578465410421,2085,0.7
34.766093671104855,-1,43,dribble,-16.20548279308961,6.901578465410421,2086,0.7
34.782760063085256,-1,43,dribble,-16.20548279308961,6.901578465410421,2087,0.7
34.79942645506565,-1,43,dribble,-16.20548279308961,6.901578465410421,2088,0.7
34.81609284704604,-1,43,dribble,-16.20548279308961,6.901578465410421,2089,0.7
34.83275923902644,-1,43,dribble,-16.20548279308961,6.901578465410421,2090,0.7
34.84942563100683,-1,343,dribble,-16.20548279308961,6.901578465410421,2091,0.7
34.86609202298723,-1,343,dribble,-16.20548279308961,6.901578465410421,2092,0.7
34.882758414967626,-1,343,dribble,-16.20548279308961,6.901578465410421,2093,0.7
34.89942480694802,-1,343,dribble,-16.20548279308961,6.901578465410421,2094,0.7
34.91609119892841,-1,343,dribble,-16.20548279308961,6.901578465410421,2095,0.7
34.932757590908814,-1,343,dribble,-16.20548279308961,6.901578465410421,2096,0.7
34.94942398288921,-1,343,dribble,-16.20548279308961,6.901578465410421,2097,0.7
34.9660903748696,-1,343,dribble,-16.20548279308961,6.901578465410421,2098,0.7
35.04942233477158,-1,9,dribble,-18.642628374440598,7.090223912568534,2103,0.7
35.099421510712766,-1,9,dribble,-18.642628374440598,7.090223912568534,2106,0.7
35.13275429467355,-1,9,dribble,-18.642628374440598,7.090223912568534,2108,0.7
35.16608707863435,-1,2,dribble,-18.642628374440598,7.090223912568534,2110,0.7
35.18275347061474,-1,2,dribble,-18.642628374440598,7.090223912568534,2111,0.7
35.199419862595136,-1,2,dribble,-18.642628374440598,7.090223912568534,2112,0.7
35.216086254575536,-1,2,dribble,-18.642628374440598,7.090223912568534,2113,0.7
35.23275264655593,-1,2,dribble,-18.642628374440598,7.090223912568534,2114,0.7
35.249419038536324,-1,2,dribble,-18.642628374440598,7.090223912568534,2115,0.7
35.26608543051672,-1,2,dribble,-18.642628374440598,7.090223912568534,2116,0.7
35.28275182249712,-1,2,dribble,-18.642628374440598,7.090223912568534,2117,0.7
35.29941821447751,-1,2,dribble,-18.642628374440598,7.090223912568534,2118,0.7
35.316084606457906,-1,2,dribble,-18.642628374440598,7.090223912568534,2119,0.7
35.3327509984383,-1,2,dribble,-18.642628374440598,7.090223912568534,2120,0.7
35.349417390418694,-1,2,dribble,-18.642628374440598,7.090223912568534,2121,0.7
35.366083782399095,-1,2,dribble,-18.642628374440598,7.090223912568534,2122,0.7
35.38275017437949,-1,2,dribble,-18.642628374440598,7.090223912568534,2123,0.7
35.39941656635988,-1,2,dribble,-18.642628374440598,7.090223912568534,2124,0.7
35.416082958340276,-1,2,dribble,-18.642628374440598,7.090223912568534,2125,0.7
35.43274935032068,-1,2,dribble,-18.642628374440598,7.090223912568534,2126,0.7
35.44941574230107,-1,2,dribble,-18.642628374440598,7.090223912568534,2127,0.7
35.466082134281464,-1,2,dribble,-18.642628374440598,7.090223912568534,2128,0.7
35.48274852626186,-1,2,dribble,-18.642628374440598,7.090223912568534,2129,0.7
35.49941491824226,-1,2,dribble,-18.642628374440598,7.090223912568534,2130,0.7
35.51608131022265,-1,2,dribble,-18.642628374440598,7.090223912568534,2131,0.7
35.53274770220305,-1,2,dribble,-18.642628374440598,7.090223912568534,2132,0.7
35.54941409418344,-1,2,dribble,-18.642628374440598,7.090223912568534,2133,0.7
35.566080486163834,-1,2,dribble,-18.642628374440598,7.090223912568534,2134,0.7
35.582746878144235,-1,2,dribble,-18.642628374440598,7.090223912568534,2135,0.7
35.59941327012463,-1,2,dribble,-18.642628374440598,7.090223912568534,2136,0.7
35.61607966210502,-1,2,dribble,-18.642628374440598,7.090223912568534,2137,0.7
35.632746054085416,-1,2,dribble,-18.642628374440598,7.090223912568534,2138,0.7
35.64941244606582,-1,2,dribble,-18.642628374440598,7.090223912568534,2139,0.7
35.66607883804621,-1,2,dribble,-18.642628374440598,7.090223912568534,2140,0.7
35.682745230026605,-1,2,dribble,-18.642628374440598,7.090223912568534,2141,0.7
35.699411622007,-1,2,dribble,-18.642628374440598,7.090223912568534,2142,0.7
35.7160780139874,-1,2,dribble,-18.642628374440598,7.090223912568534,2143,0.7
35.73274440596779,-1,2,dribble,-18.642628374440598,7.090223912568534,2144,0.7
35.74941079794819,-1,2,dribble,-18.642628374440598,7.090223912568534,2145,0.7
35.76607718992858,-1,2,dribble,-18.642628374440598,7.090223912568534,2146,0.7
35.78274358190898,-1,2,pass,-18.642628374440598,7.090223912568534,2147,1.0
35.78274358190898,-1,2,dribble,-18.642628374440598,7.090223912568534,2147,0.7
35.84940914983056,-1,2,dribble,-16.83513593231215,4.356926709567553,2151,0.7
35.86607554181096,-1,2,dribble,-16.83513593231215,4.356926709567553,2152,0.7
35.88274193379135,-1,2,dribble,-16.83513593231215,4.356926709567553,2153,0.7
35.899408325771745,-1,2,pass,-16.83513593231215,4.356926709567553,2154,1.0
36.016073069634515,-1,2,dribble,-16.620984547987465,4.038344822915098,2161,0.7
36.03273946161491,-1,2,dribble,-16.620984547987465,4.038344822915098,2162,0.7
36.0494058535953,-1,2,dribble,-16.620984547987465,4.038344822915098,2163,0.7
36.0660722455757,-1,2,dribble,-16.620984547987465,4.038344822915098,2164,0.7
36.0827386375561,-1,2,dribble,-16.620984547987465,4.038344822915098,2165,0.7
36.09940502953649,-1,2,dribble,-16.620984547987465,4.038344822915098,2166,0.7
36.116071421516885,-1,2,dribble,-16.620984547987465,4.038344822915098,2167,0.7
36.13273781349728,-1,2,dribble,-16.620984547987465,4.038344822915098,2168,0.7
36.14940420547768,-1,2,dribble,-16.620984547987465,4.038344822915098,2169,0.7
36.166070597458074,-1,2,dribble,-16.620984547987465,4.038344822915098,2170,0.7
36.18273698943847,-1,2,dribble,-16.620984547987465,4.038344822915098,2171,0.7
36.19940338141886,-1,2,dribble,-16.620984547987465,4.038344822915098,2172,0.7
36.21606977339926,-1,2,dribble,-16.620984547987465,4.038344822915098,2173,0.7
36.232736165379656,-1,2,dribble,-16.620984547987465,4.038344822915098,2174,0.7
36.24940255736005,-1,2,dribble,-16.620984547987465,4.038344822915098,2175,0.7
36.26606894934044,-1,2,dribble,-16.620984547987465,4.038344822915098,2176,0.7
36.282735341320844,-1,2,pass,-16.620984547987465,4.038344822915098,2177,1.0
36.282735341320844,-1,2,dribble,-16.620984547987465,4.038344822915098,2177,0.7
36.29940173330124,-1,2,dribble,-15.994174394080405,2.8020648243379096,2178,0.7
36.31606812528163,-1,227,dribble,-15.994174394080405,2.8020648243379096,2179,0.7
36.332734517262026,-1,2,dribble,-15.994174394080405,2.8020648243379096,2180,0.7
36.34940090924242,-1,2,dribble,-15.994174394080405,2.8020648243379096,2181,0.7
36.36606730122282,-1,2,dribble,-15.994174394080405,2.8020648243379096,2182,0.7
36.382733693203214,-1,2,dribble,-15.994174394080405,2.8020648243379096,2183,0.7
36.39940008518361,-1,2,dribble,-15.994174394080405,2.8020648243379096,2184,0.7
36.416066477164,-1,2,dribble,-15.994174394080405,2.8020648243379096,2185,0.7
36.4327328691444,-1,2,dribble,-15.994174394080405,2.8020648243379096,2186,0.7
36.449399261124796,-1,2,dribble,-15.994174394080405,2.8020648243379096,2187,0.7
36.46606565310519,-1,2,dribble,-15.994174394080405,2.8020648243379096,2188,0.7
36.499398437065985,-1,227,dribble,-15.994174394080405,2.8020648243379096,2190,0.7
36.51606482904638,-1,113,dribble,-15.994174394080405,2.8020648243379096,2191,0.7
36.53273122102677,-1,227,dribble,-15.994174394080405,2.8020648243379096,2192,0.7
36.549397613007166,-1,280,dribble,-15.994174394080405,2.8020648243379096,2193,0.7
36.56606400498756,-1,113,dribble,-15.994174394080405,2.8020648243379096,2194,0.7
36.58273039696796,-1,280,dribble,-15.994174394080405,2.8020648243379096,2195,0.7
36.599396788948354,-1,113,dribble,-15.994174394080405,2.8020648243379096,2196,0.7
36.61606318092875,-1,280,pass,-15.994174394080405,2.8020648243379096,2197,1.0
36.63272957290914,-1,280,pass,-14.369701617993767,2.0882330719396993,2198,0.7158035688320232
36.666062356869936,-1,314,pass,-14.13182788005552,2.106800137790062,2200,1.0
36.68272874885033,-1,113,pass,-13.619448936430615,2.017611334667743,2201,0.5428810916382393
36.73272792479152,-1,113,pass,-13.445560028516269,1.9675291861327275,2204,1.0
37.43271638796813,-1,10,pass,-5.6426812187015685,3.0220816844981866,2246,0.39996444892574523
37.466049171928915,-1,183,dribble,-5.513639241364641,3.0555809385092947,2248,0.7
37.516048347870104,-1,11,dribble,-5.132500506208333,3.1070319303548795,2251,0.7
37.616046699752474,-1,11,dribble,-5.132500506208333,3.1070319303548795,2257,0.7
37.63271309173287,-1,11,dribble,-5.132500506208333,3.1070319303548795,2258,0.7
37.64937948371327,-1,11,dribble,-5.132500506208333,3.1070319303548795,2259,0.7
37.66604587569366,-1,11,dribble,-5.132500506208333,3.1070319303548795,2260,0.7
37.682712267674056,-1,11,dribble,-5.132500506208333,3.1070319303548795,2261,0.7
37.69937865965445,-1,11,dribble,-5.132500506208333,3.1070319303548795,2262,0.7
37.71604505163485,-1,11,dribble,-5.132500506208333,3.1070319303548795,2263,0.7
37.732711443615244,-1,11,dribble,-5.132500506208333,3.1070319303548795,2264,0.7
37.74937783559564,-1,11,dribble,-5.132500506208333,3.1070319303548795,2265,0.7
37.76604422757603,-1,11,dribble,-5.132500506208333,3.1070319303548795,2266,0.7
37.782710619556426,-1,11,dribble,-5.132500506208333,3.1070319303548795,2267,0.7
37.799377011536826,-1,11,dribble,-5.132500506208333,3.1070319303548795,2268,0.7
37.81604340351722,-1,42,dribble,-5.132500506208333,3.1070319303548795,2269,0.7
37.832709795497614,-1,42,dribble,-5.132500506208333,3.1070319303548795,2270,0.7
37.84937618747801,-1,42,dribble,-5.132500506208333,3.1070319303548795,2271,0.7
37.86604257945841,-1,42,dribble,-5.132500506208333,3.1070319303548795,2272,0.7
37.8827089714388,-1,42,dribble,-5.132500506208333,3.1070319303548795,2273,0.7
37.899375363419196,-1,42,dribble,-5.132500506208333,3.1070319303548795,2274,0.7
37.91604175539959,-1,42,dribble,-5.132500506208333,3.1070319303548795,2275,0.7
37.93270814737999,-1,42,dribble,-5.132500506208333,3.1070319303548795,2276,0.7
37.949374539360385,-1,42,dribble,-5.132500506208333,3.1070319303548795,2277,0.7
38.03270649926236,-1,42,dribble,-5.132500506208333,3.1070319303548795,2282,0.7
38.049372891242754,-1,42,dribble,-5.132500506208333,3.1070319303548795,2283,0.7
38.06603928322315,-1,42,dribble,-5.132500506208333,3.1070319303548795,2284,0.7
38.08270567520355,-1,42,dribble,-5.132500506208333,3.1070319303548795,2285,0.7
38.09937206718394,-1,42,dribble,-5.132500506208333,3.1070319303548795,2286,0.7
38.116038459164336,-1,42,dribble,-5.132500506208333,3.1070319303548795,2287,0.7
38.13270485114473,-1,8,dribble,-5.132500506208333,3.1070319303548795,2288,0.7
38.14937124312513,-1,42,dribble,-5.132500506208333,3.1070319303548795,2289,0.7
38.166037635105525,-1,42,dribble,-5.132500506208333,3.1070319303548795,2290,0.7
38.18270402708592,-1,42,dribble,-5.132500506208333,3.1070319303548795,2291,0.7
38.19937041906631,-1,42,dribble,-5.132500506208333,3.1070319303548795,2292,0.7
38.21603681104671,-1,42,dribble,-5.132500506208333,3.1070319303548795,2293,0.7
38.23270320302711,-1,42,dribble,-5.132500506208333,3.1070319303548795,2294,0.7
38.2493695950075,-1,42,dribble,-5.132500506208333,3.1070319303548795,2295,0.7
38.266035986987895,-1,8,dribble,-5.132500506208333,3.1070319303548795,2296,0.7
38.28270237896829,-1,8,dribble,-5.132500506208333,3.1070319303548795,2297,0.7
38.29936877094869,-1,42,dribble,-5.132500506208333,3.1070319303548795,2298,0.7
38.31603516292908,-1,42,dribble,-5.132500506208333,3.1070319303548795,2299,0.7
38.33270155490948,-1,42,dribble,-5.132500506208333,3.1070319303548795,2300,0.7
38.34936794688987,-1,42,dribble,-5.132500506208333,3.1070319303548795,2301,0.7
38.36603433887027,-1,42,dribble,-5.132500506208333,3.1070319303548795,2302,0.7
38.382700730850665,-1,42,dribble,-5.132500506208333,3.1070319303548795,2303,0.7
38.39936712283106,-1,42,dribble,-5.132500506208333,3.1070319303548795,2304,0.7
38.58269743461541,-1,8,dribble,-5.132500506208333,3.1070319303548795,2315,0.7
38.599363826595805,-1,8,dribble,-5.132500506208333,3.1070319303548795,2316,0.7
38.6160302185762,-1,8,dribble,-5.132500506208333,3.1070319303548795,2317,0.7
38.63269661055659,-1,8,dribble,-5.132500506208333,3.1070319303548795,2318,0.7
38.649363002536994,-1,8,dribble,-5.132500506208333,3.1070319303548795,2319,0.7
38.66602939451739,-1,8,dribble,-5.132500506208333,3.1070319303548795,2320,0.7
38.68269578649778,-1,8,dribble,-5.132500506208333,3.1070319303548795,2321,0.7
38.699362178478175,-1,8,dribble,-5.132500506208333,3.1070319303548795,2322,0.7
38.716028570458576,-1,8,dribble,-5.132500506208333,3.1070319303548795,2323,0.7
38.73269496243897,-1,8,dribble,-5.132500506208333,3.1070319303548795,2324,0.7
38.749361354419364,-1,8,dribble,-5.132500506208333,3.1070319303548795,2325,0.7
38.76602774639976,-1,8,dribble,-5.132500506208333,3.1070319303548795,2326,0.7
39.01602362610569,-1,219,dribble,-5.132500506208333,3.1070319303548795,2341,0.7
39.032690018086086,-1,219,dribble,-5.132500506208333,3.1070319303548795,2342,0.7
39.04935641006648,-1,219,dribble,-5.132500506208333,3.1070319303548795,2343,0.7
39.066022802046874,-1,219,dribble,-5.132500506208333,3.1070319303548795,2344,0.7
39.082689194027274,-1,219,dribble,-5.132500506208333,3.1070319303548795,2345,0.7
39.832676833145065,-1,325,dribble,-5.132500506208333,3.1070319303548795,2390,0.7
69.28219146250379,-1,107,pass,-5.235447590516114,7.473891495270135,4157,0.3550830974648402
69.39885620636655,-1,197,pass,-4.62461619575553,8.304001167560969,4164,0.3532008712082064
69.43218899032735,-1,219,pass,-4.555145856210322,8.399051791900307,4166,1.0
69.44885538230774,-1,219,pass,-4.3811765353764,8.71201548284991,4167,0.35984488114996604
69.44885538230774,-1,219,dribble,-4.3811765353764,8.71201548284991,4167,0.7
69.46552177428813,-1,219,dribble,-4.319408403797533,8.814834823646182,4168,0.7
69.48218816626853,-1,219,dribble,-4.319408403797533,8.814834823646182,4169,0.7
69.49885455824892,-1,219,dribble,-4.319408403797533,8.814834823646182,4170,0.7
69.51552095022932,-1,219,dribble,-4.319408403797533,8.814834823646182,4171,0.7
69.53218734220971,-1,219,dribble,-4.319408403797533,8.814834823646182,4172,0.7
69.5488537341901,-1,219,dribble,-4.319408403797533,8.814834823646182,4173,0.7
69.56552012617051,-1,219,dribble,-4.319408403797533,8.814834823646182,4174,0.7
69.5821865181509,-1,219,dribble,-4.319408403797533,8.814834823646182,4175,0.7
69.5988529101313,-1,219,dribble,-4.319408403797533,8.814834823646182,4176,0.7
69.6155193021117,-1,219,dribble,-4.319408403797533,8.814834823646182,4177,0.7
69.63218569409209,-1,219,dribble,-4.319408403797533,8.814834823646182,4178,0.7
69.64885208607248,-1,219,dribble,-4.319408403797533,8.814834823646182,4179,0.7
69.66551847805287,-1,1,dribble,-4.319408403797533,8.814834823646182,4180,0.7
69.68218487003327,-1,1,dribble,-4.319408403797533,8.814834823646182,4181,0.7
69.69885126201366,-1,197,dribble,-4.319408403797533,8.814834823646182,4182,0.7
69.71551765399407,-1,1,dribble,-4.319408403797533,8.814834823646182,4183,0.7
69.73218404597446,-1,219,dribble,-4.319408403797533,8.814834823646182,4184,0.7
69.74885043795486,-1,1,dribble,-4.319408403797533,8.814834823646182,4185,0.7
69.76551682993525,-1,250,dribble,-4.319408403797533,8.814834823646182,4186,0.7
69.78218322191564,-1,250,dribble,-4.319408403797533,8.814834823646182,4187,0.7
69.79884961389604,-1,250,dribble,-4.319408403797533,8.814834823646182,4188,0.7
69.81551600587643,-1,250,dribble,-4.319408403797533,8.814834823646182,4189,0.7
69.83218239785683,-1,250,dribble,-4.319408403797533,8.814834823646182,4190,0.7
69.84884878983723,-1,259,dribble,-4.319408403797533,8.814834823646182,4191,0.7
69.86551518181763,-1,259,dribble,-4.319408403797533,8.814834823646182,4192,0.7
69.88218157379802,-1,259,dribble,-4.319408403797533,8.814834823646182,4193,0.7
69.89884796577842,-1,259,dribble,-4.319408403797533,8.814834823646182,4194,0.7
69.91551435775881,-1,259,dribble,-4.319408403797533,8.814834823646182,4195,0.7
69.9321807497392,-1,259,dribble,-4.319408403797533,8.814834823646182,4196,0.7
69.9488471417196,-1,1,dribble,-4.319408403797533,8.814834823646182,4197,0.7
69.96551353369999,-1,1,dribble,-4.319408403797533,8.814834823646182,4198,0.7
72.73213460244564,-1,8,dribble,-15.128415713732275,9.917072622455892,4364,0.7
72.74880099442603,-1,8,dribble,-15.128415713732275,9.917072622455892,4365,0.7
72.76546738640643,-1,8,pass,-15.128415713732275,9.917072622455892,4366,0.6562866835187665
72.76546738640643,-1,8,dribble,-15.128415713732275,9.917072622455892,4366,0.7
72.78213377838682,-1,8,dribble,-15.161097423702566,9.700769037882424,4367,0.7
72.79880017036722,-1,8,dribble,-15.170560731504688,9.62228259427774,4368,0.7
72.832132954328,-1,73,dribble,-15.183983517783522,9.482283190988186,4370,0.7
72.8654657382888,-1,69,pass,-15.173255590935245,9.433768099285246,4372,0.420937943375349
72.8654657382888,-1,69,dribble,-15.173255590935245,9.433768099285246,4372,0.7
72.8821321302692,-1,69,dribble,-15.215256540830064,9.299891624904136,4373,0.7
72.98213048215156,-1,69,pass,-15.142944858430157,9.147637949682016,4379,0.9541731341954517
72.99879687413197,-1,69,dribble,-15.207059711084806,8.836114822158825,4380,0.7
73.03212965809276,-1,69,dribble,-15.238172851229857,8.749680135304638,4382,0.7
73.2154599698771,-1,69,pass,-15.230400240698831,8.565724000816205,4393,1.0
73.33212471373987,-1,69,pass,-15.186322705521475,7.887201013045575,4400,0.7107582036215244
73.49878863354382,-1,69,pass,-15.197705527969864,7.602709152535039,4410,1.0
73.548787809485,-1,69,dribble,-15.306189028717974,6.97355856599299,4413,0.7
73.5987869854262,-1,69,dribble,-15.28472213029642,6.858698209516557,4416,0.7
73.81545008117133,-1,221,dribble,-15.255633744116341,6.73952583449704,4429,0.7
73.83211647315173,-1,221,dribble,-15.255633744116341,6.73952583449704,4430,0.7
73.84878286513212,-1,221,dribble,-15.255633744116341,6.73952583449704,4431,0.7
74.34877462454399,-1,69,pass,-15.331031472252944,5.038737651978697,4461,0.9677355261064248
74.39877380048517,-1,289,dribble,-15.328280265082023,4.71617619240268,4464,0.7
74.41544019246557,-1,289,dribble,-15.328280265082023,4.71617619240268,4465,0.7
74.43210658444598,-1,289,dribble,-15.328280265082023,4.71617619240268,4466,0.7
74.44877297642637,-1,289,dribble,-15.328280265082023,4.71617619240268,4467,0.7
74.46543936840676,-1,289,dribble,-15.328280265082023,4.71617619240268,4468,0.7
74.48210576038716,-1,289,dribble,-15.328280265082023,4.71617619240268,4469,0.7
74.94876473583822,-1,442,dribble,-15.328280265082023,4.71617619240268,4497,0.7
74.96543112781862,-1,442,dribble,-15.328280265082023,4.71617619240268,4498,0.7
75.28209257544614,-1,8,pass,-14.308980530999953,4.344652905601533,4517,0.9464491918014104
76.39874083813262,-1,94,pass,-8.873764976534938,10.703174919674135,4584,0.28226124606692193
76.44874001407382,-1,2,pass,-8.798887811702128,10.760144186803332,4587,1.0
76.46540640605421,-1,94,pass,-8.549189113429648,11.023054515502874,4588,0.29061961265418657
76.76540146170133,-1,353,dribble,-8.488103156043248,11.098238384622015,4606,0.7
76.78206785368172,-1,353,dribble,-8.488103156043248,11.098238384622015,4607,0.7
76.79873424566212,-1,353,dribble,-8.488103156043248,11.098238384622015,4608,0.7
76.81540063764251,-1,353,dribble,-8.488103156043248,11.098238384622015,4609,0.7
76.8320670296229,-1,353,dribble,-8.488103156043248,11.098238384622015,4610,0.7
76.8487334216033,-1,353,dribble,-8.488103156043248,11.098238384622015,4611,0.7
76.8653998135837,-1,371,dribble,-8.488103156043248,11.098238384622015,4612,0.7
76.8820662055641,-1,371,dribble,-8.488103156043248,11.098238384622015,4613,0.7
76.8987325975445,-1,371,dribble,-8.488103156043248,11.098238384622015,4614,0.7
76.91539898952489,-1,371,dribble,-8.488103156043248,11.098238384622015,4615,0.7
76.93206538150528,-1,371,dribble,-8.488103156043248,11.098238384622015,4616,0.7
76.94873177348568,-1,371,dribble,-8.488103156043248,11.098238384622015,4617,0.7
76.96539816546607,-1,353,dribble,-8.488103156043248,11.098238384622015,4618,0.7
76.98206455744646,-1,371,dribble,-8.488103156043248,11.098238384622015,4619,0.7
76.99873094942687,-1,371,dribble,-8.488103156043248,11.098238384622015,4620,0.7
77.01539734140727,-1,371,dribble,-8.488103156043248,11.098238384622015,4621,0.7
77.03206373338766,-1,371,dribble,-8.488103156043248,11.098238384622015,4622,0.7
77.04873012536805,-1,371,dribble,-8.488103156043248,11.098238384622015,4623,0.7
77.06539651734845,-1,371,dribble,-8.488103156043248,11.098238384622015,4624,0.7
77.08206290932884,-1,371,dribble,-8.488103156043248,11.098238384622015,4625,0.7
77.09872930130923,-1,371,dribble,-8.488103156043248,11.098238384622015,4626,0.7
77.11539569328963,-1,353,dribble,-8.488103156043248,11.098238384622015,4627,0.7
77.13206208527002,-1,353,dribble,-8.488103156043248,11.098238384622015,4628,0.7
77.14872847725043,-1,353,dribble,-8.488103156043248,11.098238384622015,4629,0.7
77.16539486923082,-1,353,dribble,-8.488103156043248,11.098238384622015,4630,0.7
77.18206126121122,-1,353,dribble,-8.488103156043248,11.098238384622015,4631,0.7
77.19872765319161,-1,353,dribble,-8.488103156043248,11.098238384622015,4632,0.7
77.215394045172,-1,353,dribble,-8.488103156043248,11.098238384622015,4633,0.7
77.24872682913279,-1,353,dribble,-8.488103156043248,11.098238384622015,4635,0.7
77.26539322111319,-1,353,dribble,-8.488103156043248,11.098238384622015,4636,0.7
77.28205961309358,-1,353,dribble,-8.488103156043248,11.098238384622015,4637,0.7
77.29872600507399,-1,353,dribble,-8.488103156043248,11.098238384622015,4638,0.7
77.31539239705438,-1,353,dribble,-8.488103156043248,11.098238384622015,4639,0.7
77.33205878903478,-1,353,dribble,-8.488103156043248,11.098238384622015,4640,0.7
77.34872518101517,-1,353,dribble,-8.488103156043248,11.098238384622015,4641,0.7
77.36539157299556,-1,353,dribble,-8.488103156043248,11.098238384622015,4642,0.7
77.38205796497596,-1,353,dribble,-8.488103156043248,11.098238384622015,4643,0.7
77.39872435695635,-1,353,dribble,-8.488103156043248,11.098238384622015,4644,0.7
77.41539074893674,-1,353,dribble,-8.488103156043248,11.098238384622015,4645,0.7
77.43205714091715,-1,353,dribble,-8.488103156043248,11.098238384622015,4646,0.7
77.46538992487794,-1,371,dribble,-8.488103156043248,11.098238384622015,4648,0.7
78.54870540360363,-1,172,dribble,-4.009509774161442,8.681777286593183,4713,0.7
78.56537179558403,-1,213,pass,-4.009509774161442,8.681777286593183,4714,1.0
78.59870457954483,-1,5,pass,-3.4888445303977362,7.891332055373811,4716,1.0
78.64870375548601,-1,188,pass,-2.47980095092478,6.382075449394407,4719,0.9311752423979017
78.6820365394468,-1,188,pass,-2.276046266271706,6.147930430848409,4721,1.0
78.69870293142719,-1,145,pass,-1.7947147819492701,5.434775008251657,4722,0.9676055507560852
78.732035715388,-1,1,pass,-1.5962223604581247,5.180558025635055,4724,1.0
78.74870210736839,-1,145,pass,-1.1649925668944883,4.508009210344842,4725,0.8383585797969484
78.74870210736839,-1,145,dribble,-1.1649925668944883,4.508009210344842,4725,0.7
78.76536849934878,-1,145,dribble,-0.9765241599576515,4.30168183365056,4726,0.7
78.78203489132918,-1,1,dribble,-0.9765241599576515,4.30168183365056,4727,0.7
78.79870128330957,-1,145,pass,-0.9765241599576515,4.30168183365056,4728,1.0
78.79870128330957,-1,145,dribble,-0.9765241599576515,4.30168183365056,4728,0.7
78.83203406727036,-1,145,dribble,-0.390287332521874,3.5020925351267054,4730,0.7
78.84870045925075,-1,145,dribble,-0.390287332521874,3.5020925351267054,4731,0.7
78.86536685123116,-1,145,dribble,-0.390287332521874,3.5020925351267054,4732,0.7
78.88203324321155,-1,145,dribble,-0.390287332521874,3.5020925351267054,4733,0.7
78.89869963519195,-1,145,dribble,-0.390287332521874,3.5020925351267054,4734,0.7
78.91536602717234,-1,145,dribble,-0.390287332521874,3.5020925351267054,4735,0.7
78.93203241915273,-1,145,dribble,-0.390287332521874,3.5020925351267054,4736,0.7
78.94869881113313,-1,145,pass,-0.390287332521874,3.5020925351267054,4737,1.0
